{
    "energy": [
        0.0012320513711490454,
        0.001228012373299696,
        0.0012391908569276899,
        0.0012442225602858695,
        0.0012467676975939223,
        0.0012417867516143315,
        0.0012446747547753428,
        0.0012405330812568323,
        0.0012433255857448088,
        0.0012398658495208277,
        0.0012412385474054547,
        0.0012421907168001154,
        0.0012335840071701065,
        0.0012429243633584866,
        0.0012343102628488848,
        0.0012361025494914378,
        0.001240809008614171,
        0.0012348735560984388,
        0.0012369974260927614,
        0.0012321624441627137,
        0.0012330967500856875,
        0.0012340344375355583,
        0.0012360491530743242,
        0.001235236837459979,
        0.0012305850670604863,
        0.0012399238544126678,
        0.0012428177538306106,
        0.0012386355022796312,
        0.001235520862296549,
        0.0012448923751191235,
        0.0012402404198033697,
        0.0012321358957333914,
        0.0012348842205855805,
        0.0012364599227977712,
        0.0012282113023804686,
        0.001232760697018893,
        0.001232889705986776,
        0.0012300875686185673,
        0.0012319847061387735,
        0.0012427000519421678,
        0.0012322491177752747,
        0.0012289036567206995,
        0.0012329929940415164,
        0.0012328559107643857,
        0.0012347913063388755,
        0.0012350958521201607,
        0.0012299133585830873,
        0.0012437660922460295,
        0.0012297250863548442,
        0.0012360379447080815,
        0.0012329897419522172,
        0.0012323542606098498,
        0.0012410006341062026,
        0.001239968004169941,
        0.0012350837177805597,
        0.0012324306089671006
    ],
    "co2": [
        0.12320513711490454,
        0.1228012373299696,
        0.123919085692769,
        0.12442225602858695,
        0.12467676975939222,
        0.12417867516143315,
        0.12446747547753428,
        0.12405330812568323,
        0.12433255857448088,
        0.12398658495208277,
        0.12412385474054546,
        0.12421907168001153,
        0.12335840071701065,
        0.12429243633584866,
        0.12343102628488847,
        0.12361025494914378,
        0.12408090086141711,
        0.12348735560984388,
        0.12369974260927614,
        0.12321624441627138,
        0.12330967500856875,
        0.12340344375355583,
        0.12360491530743242,
        0.1235236837459979,
        0.12305850670604862,
        0.12399238544126678,
        0.12428177538306105,
        0.12386355022796311,
        0.1235520862296549,
        0.12448923751191235,
        0.12402404198033697,
        0.12321358957333914,
        0.12348842205855805,
        0.12364599227977713,
        0.12282113023804686,
        0.1232760697018893,
        0.1232889705986776,
        0.12300875686185674,
        0.12319847061387736,
        0.12427000519421678,
        0.12322491177752747,
        0.12289036567206994,
        0.12329929940415164,
        0.12328559107643858,
        0.12347913063388756,
        0.12350958521201608,
        0.12299133585830872,
        0.12437660922460295,
        0.12297250863548441,
        0.12360379447080815,
        0.12329897419522172,
        0.12323542606098499,
        0.12410006341062026,
        0.1239968004169941,
        0.12350837177805597,
        0.12324306089671005
    ],
    "time": [
        18.547181844711304,
        17.779592037200928,
        18.0115909576416,
        18.031047344207764,
        18.047722339630127,
        18.008662223815918,
        18.02329969406128,
        18.010866165161133,
        18.05654811859131,
        18.007604360580444,
        17.997660875320435,
        17.982947826385498,
        17.92508554458618,
        18.013065814971924,
        17.94944667816162,
        17.89686870574951,
        17.943987607955933,
        17.89595341682434,
        17.8883273601532,
        17.88942837715149,
        17.905627489089966,
        17.905895233154297,
        17.8945574760437,
        17.892205238342285,
        17.890259981155396,
        17.906152486801147,
        18.021092891693115,
        18.019445180892944,
        17.90397834777832,
        18.002750635147095,
        18.023560762405396,
        17.89277672767639,
        17.906055212020874,
        17.88898515701294,
        17.892110109329224,
        17.881101369857788,
        17.905617237091064,
        17.88665270805359,
        17.88555669784546,
        18.01042938232422,
        17.86810326576233,
        17.892845153808594,
        17.89436650276184,
        17.893396377563477,
        17.899407148361206,
        17.887040853500366,
        17.885316610336304,
        17.998170852661133,
        17.902719259262085,
        17.88608980178833,
        17.89619207382202,
        17.884795904159546,
        18.004700422286987,
        17.905142784118652,
        17.890490531921387,
        17.896015167236328
    ]
}