{
    "energy": [
        0.0020478166330878686,
        0.002047251853451114,
        0.0020809193275523187,
        0.002070661009956023,
        0.002074045597436932,
        0.002071166265226182,
        0.002069163444063814,
        0.002065666084595441,
        0.0020673613303422034,
        0.0020621849128205742,
        0.0020598523176990017,
        0.002061325249120035,
        0.002049041818608517,
        0.002067172513406102,
        0.002057185257796795,
        0.0020562318494721514,
        0.002058954636124715,
        0.0020503229326160085,
        0.0020569331612545908,
        0.00205383428560515,
        0.0020555928063802848,
        0.002054152102276497,
        0.002055689289443318,
        0.0020512560390311186,
        0.002054097555172863,
        0.0020581155770463123,
        0.002074563905396274,
        0.0020689000877539415,
        0.002048771767667091,
        0.0020649827982023457,
        0.002067766197601063,
        0.0020572839510898046,
        0.0020591524907303217,
        0.0020507046806719216,
        0.0020598388020722854,
        0.0020560438373189785,
        0.00205339934023702,
        0.0020590762567153104,
        0.0020483073373703275,
        0.0020675047579689376,
        0.0020481866004048513,
        0.0020585606714849432,
        0.0020521713186212663,
        0.0020516148126198345,
        0.002055704929745497,
        0.0020507767126107268,
        0.0020552429728214984,
        0.0020628301268126826,
        0.002056577089459181,
        0.0020577754812624678,
        0.0020549416660000726,
        0.0020569737752881025,
        0.002066754073095521,
        0.002057291819593583,
        0.002054957542518639,
        0.002054405161434557
    ],
    "co2": [
        0.20478166330878686,
        0.2047251853451114,
        0.20809193275523186,
        0.2070661009956023,
        0.2074045597436932,
        0.2071166265226182,
        0.2069163444063814,
        0.2065666084595441,
        0.20673613303422034,
        0.20621849128205744,
        0.20598523176990016,
        0.2061325249120035,
        0.20490418186085171,
        0.2067172513406102,
        0.20571852577967953,
        0.20562318494721515,
        0.2058954636124715,
        0.20503229326160086,
        0.20569331612545907,
        0.20538342856051497,
        0.20555928063802847,
        0.2054152102276497,
        0.20556892894433182,
        0.20512560390311185,
        0.2054097555172863,
        0.20581155770463122,
        0.20745639053962742,
        0.20689000877539415,
        0.20487717676670908,
        0.20649827982023458,
        0.2067766197601063,
        0.20572839510898047,
        0.20591524907303216,
        0.20507046806719215,
        0.20598388020722855,
        0.20560438373189785,
        0.205339934023702,
        0.20590762567153104,
        0.20483073373703276,
        0.20675047579689376,
        0.20481866004048513,
        0.20585606714849433,
        0.20521713186212662,
        0.20516148126198344,
        0.20557049297454968,
        0.20507767126107268,
        0.20552429728214983,
        0.20628301268126825,
        0.2056577089459181,
        0.20577754812624677,
        0.20549416660000727,
        0.20569737752881026,
        0.2066754073095521,
        0.20572918195935827,
        0.2054957542518639,
        0.2054405161434557
    ],
    "time": [
        30.430458784103394,
        29.765077590942383,
        30.123810052871704,
        30.09951615333557,
        30.078823804855347,
        29.979546546936035,
        29.95570683479309,
        29.920002698898315,
        29.968067169189453,
        29.896545886993408,
        29.87741470336914,
        29.849395036697388,
        29.775350332260132,
        29.941769123077393,
        29.841505765914917,
        29.742152452468872,
        29.844614028930664,
        29.7623074054718,
        29.75203561782837,
        29.742151021957397,
        29.768996000289917,
        29.79184889793396,
        29.773935794830322,
        29.777060508728027,
        29.765218496322632,
        29.797977447509766,
        29.967679023742676,
        29.960492610931396,
        29.76483917236328,
        29.93548893928528,
        29.96284031867981,
        29.763627767562866,
        29.78451895713806,
        29.75040578842163,
        29.771425008773804,
        29.745905876159668,
        29.7918701171875,
        29.75498938560486,
        29.75188970565796,
        29.960760831832886,
        29.73511266708374,
        29.756490468978882,
        29.76022696495056,
        29.75936245918274,
        29.77881360054016,
        29.74853491783142,
        29.745423793792725,
        29.9346444606781,
        29.769150972366333,
        29.73174023628235,
        29.754300355911255,
        29.73933696746826,
        29.922059059143066,
        29.764084100723267,
        29.735408544540405,
        29.75248074531555
    ]
}