{
    "energy": [
        0.0028735895773482345,
        0.0028859594706113364,
        0.0029087995087386446,
        0.0029022802548685014,
        0.0028982920704407064,
        0.0028837920149538533,
        0.002884992495132981,
        0.002883242930096918,
        0.0028882222508765155,
        0.002879861445840893,
        0.0028835872417869333,
        0.002883258852653911,
        0.0028751338445902135,
        0.0028923923402957878,
        0.0028854268588295235,
        0.002872305635952777,
        0.0028809647331449893,
        0.0028772854597048183,
        0.0028752254650740426,
        0.002888682503709219,
        0.0028717862997530577,
        0.0028712506227484822,
        0.0028763569552338873,
        0.0028811799611018225,
        0.0028736641361758095,
        0.0028802601318157466,
        0.0029001738486565554,
        0.0029010271381153547,
        0.0028785185875507754,
        0.002887118329164494,
        0.002895973254172007,
        0.0028731723675760896,
        0.002873418083644655,
        0.0028757413257733577,
        0.0028743342896199314,
        0.002871599324713641,
        0.0028801952937382727,
        0.0028757023882021076,
        0.0028795169147868773,
        0.0028996885045090943,
        0.002876866785910769,
        0.0028783452341263264,
        0.0028770851696978857,
        0.0028746935167688554,
        0.0028743574257341312,
        0.0028732771229206533,
        0.0028719745593281712,
        0.0028930398047246416,
        0.0028739921962679716,
        0.0028831000375220002,
        0.0028816022889008816,
        0.0028951037730613675,
        0.0028975944018738817,
        0.008510097990235738,
        0.002834147513714394,
        0.0028730542361597266
    ],
    "co2": [
        0.28735895773482345,
        0.2885959470611336,
        0.2908799508738645,
        0.2902280254868501,
        0.28982920704407067,
        0.2883792014953853,
        0.2884992495132981,
        0.2883242930096918,
        0.28882222508765154,
        0.2879861445840893,
        0.28835872417869335,
        0.2883258852653911,
        0.28751338445902136,
        0.2892392340295788,
        0.28854268588295234,
        0.2872305635952777,
        0.28809647331449895,
        0.2877285459704818,
        0.2875225465074043,
        0.2888682503709219,
        0.2871786299753058,
        0.28712506227484824,
        0.28763569552338875,
        0.28811799611018224,
        0.287366413617581,
        0.28802601318157467,
        0.29001738486565554,
        0.29010271381153546,
        0.28785185875507757,
        0.2887118329164494,
        0.2895973254172007,
        0.28731723675760895,
        0.2873418083644655,
        0.2875741325773358,
        0.28743342896199314,
        0.28715993247136407,
        0.2880195293738273,
        0.28757023882021077,
        0.2879516914786877,
        0.2899688504509094,
        0.2876866785910769,
        0.28783452341263266,
        0.28770851696978855,
        0.28746935167688553,
        0.28743574257341314,
        0.28732771229206533,
        0.28719745593281715,
        0.28930398047246414,
        0.28739921962679715,
        0.2883100037522,
        0.28816022889008813,
        0.28951037730613677,
        0.2897594401873882,
        0.8510097990235739,
        0.2834147513714394,
        0.28730542361597267
    ],
    "time": [
        42.44698643684387,
        41.77611041069031,
        42.18066477775574,
        42.0552237033844,
        41.96597170829773,
        41.76904535293579,
        41.76699495315552,
        41.74505400657654,
        41.845476388931274,
        41.745282888412476,
        41.757450103759766,
        41.73807096481323,
        41.63004684448242,
        41.856271266937256,
        41.72394514083862,
        41.62247967720032,
        41.73854732513428,
        41.59446978569031,
        41.580214500427246,
        41.91182827949524,
        41.59758019447327,
        41.601086139678955,
        41.57941675186157,
        41.590869188308716,
        41.5783531665802,
        41.623074769973755,
        41.89789962768555,
        41.890201807022095,
        41.58170533180237,
        41.82530856132507,
        41.86271858215332,
        41.5647656917572,
        41.61027693748474,
        41.566715478897095,
        41.599435329437256,
        41.59781098365784,
        41.66637635231018,
        41.58114719390869,
        41.586087465286255,
        41.884562730789185,
        41.54919481277466,
        41.60393404960632,
        41.593730211257935,
        41.57844018936157,
        41.636940717697144,
        41.63239240646362,
        41.59449553489685,
        41.865137338638306,
        41.651047706604004,
        41.65475821495056,
        41.69223380088806,
        41.90967035293579,
        41.93843102455139,
        459.117648601532,
        41.15322804450989,
        41.60651636123657
    ]
}