{
    "energy": [
        0.007977648971603853,
        0.007997476522671638,
        0.007972333319231958,
        0.007888793138866127,
        0.007874324581230548,
        0.007872716831602788,
        0.007948694969765085,
        0.007906642035642295,
        0.007849135796115627,
        0.007940867132941485,
        0.007831007414846077,
        0.007889198962955325,
        0.007855616188036459,
        0.007928702879861109
    ],
    "co2": [
        0.7977648971603853,
        0.7997476522671638,
        0.7972333319231959,
        0.7888793138866127,
        0.7874324581230548,
        0.7872716831602788,
        0.7948694969765085,
        0.7906642035642295,
        0.7849135796115627,
        0.7940867132941485,
        0.7831007414846077,
        0.7889198962955325,
        0.785561618803646,
        0.7928702879861108
    ],
    "time": [
        115.18233370780945,
        114.39038705825806,
        114.28361535072327,
        114.26550650596619,
        114.22935461997986,
        114.23375082015991,
        114.23809552192688,
        114.50134062767029,
        114.17990136146545,
        114.238210439682,
        114.2084231376648,
        114.24191975593567,
        114.19073748588562,
        114.25369048118591
    ]
}