{
    "energy": [
        0.004045459678422959,
        0.004049295012750965,
        0.004091214815100891,
        0.0040440421229437536,
        0.004050234649235205,
        0.004049136257979058,
        0.004052644030713958,
        0.00404735033668624,
        0.004045386063454704,
        0.004045450628969377,
        0.004039013273521715,
        0.004038964139705139,
        0.004042000164605163,
        0.004061683404976286,
        0.004047225472405332,
        0.004056498298946468,
        0.004046073206953942,
        0.004046328924712493,
        0.004039890348725209,
        0.004030698401435005,
        0.004040505931045417,
        0.004052138444614859,
        0.004050491610369682,
        0.0040541965746667815,
        0.004047714008392754,
        0.004047666627035739,
        0.004048451072216704,
        0.004050110521717573,
        0.004040974464484273,
        0.00404811459071754,
        0.004047998594271907,
        0.004052294822014094,
        0.0040469715633751095,
        0.004049477190930878,
        0.0040438573667882765,
        0.0040368901113931035,
        0.00404421251220828,
        0.0040321259987038845,
        0.00404540654428151,
        0.004052677346876304,
        0.004045872816452674,
        0.004056520059782203,
        0.004047804967128317,
        0.004049886687323803,
        0.004043143402986631,
        0.004041390459018616,
        0.004042622969236477,
        0.004048220341111358,
        0.004050535113588476,
        0.004048814885551749,
        0.00404866913584386,
        0.004052639555194279,
        0.004047338481615699,
        0.004038966444215283,
        0.004036723492645836,
        0.004038440144468921
    ],
    "co2": [
        0.4045459678422959,
        0.40492950127509647,
        0.40912148151008915,
        0.40440421229437534,
        0.40502346492352054,
        0.40491362579790585,
        0.4052644030713958,
        0.40473503366862407,
        0.4045386063454704,
        0.40454506289693776,
        0.4039013273521715,
        0.4038964139705139,
        0.40420001646051634,
        0.4061683404976286,
        0.40472254724053314,
        0.40564982989464676,
        0.4046073206953942,
        0.40463289247124934,
        0.4039890348725209,
        0.4030698401435005,
        0.40405059310454167,
        0.4052138444614859,
        0.4050491610369682,
        0.40541965746667813,
        0.40477140083927543,
        0.4047666627035739,
        0.4048451072216704,
        0.40501105217175726,
        0.4040974464484273,
        0.40481145907175403,
        0.40479985942719077,
        0.40522948220140936,
        0.40469715633751097,
        0.4049477190930878,
        0.40438573667882766,
        0.4036890111393103,
        0.404421251220828,
        0.40321259987038843,
        0.404540654428151,
        0.4052677346876304,
        0.4045872816452674,
        0.40565200597822026,
        0.40478049671283167,
        0.40498866873238026,
        0.4043143402986631,
        0.4041390459018616,
        0.4042622969236477,
        0.40482203411113576,
        0.40505351135884765,
        0.40488148855517486,
        0.404866913584386,
        0.4052639555194279,
        0.4047338481615699,
        0.40389664442152834,
        0.4036723492645836,
        0.4038440144468921
    ],
    "time": [
        58.6832332611084,
        58.33602476119995,
        58.7679123878479,
        58.55663847923279,
        58.40586829185486,
        58.16438031196594,
        58.1414315700531,
        58.15195035934448,
        58.29019904136658,
        58.10129356384277,
        58.09788751602173,
        58.115504026412964,
        57.93726825714111,
        58.37348461151123,
        58.104137897491455,
        57.932289123535156,
        58.13114619255066,
        57.88317012786865,
        57.90099740028381,
        57.90944290161133,
        57.95292782783508,
        57.94763994216919,
        57.92413854598999,
        57.93508267402649,
        57.872276067733765,
        57.92486548423767,
        58.28415560722351,
        58.32242441177368,
        57.913376331329346,
        58.289151191711426,
        58.3891966342926,
        57.915029764175415,
        57.972184896469116,
        57.865229845047,
        57.85796570777893,
        57.87208366394043,
        57.97301411628723,
        57.99402356147766,
        57.904810667037964,
        58.361961126327515,
        57.85211730003357,
        57.8844428062439,
        57.90768241882324,
        57.891363859176636,
        57.96949768066406,
        57.91575527191162,
        57.882267475128174,
        58.30199408531189,
        57.938695669174194,
        57.86392688751221,
        57.90723371505737,
        57.87275433540344,
        58.29462909698486,
        57.96186566352844,
        57.87531089782715,
        57.923701763153076
    ]
}