{
    "energy": [
        0.006978618631090813,
        0.006975756708895357,
        0.007011546842312261,
        0.006997393467825553,
        0.006991072559459784,
        0.006964048232460249,
        0.006972957199530456,
        0.006971665056726082,
        0.006970996598739484,
        0.006968918410558667
    ],
    "co2": [
        0.6978618631090813,
        0.6975756708895356,
        0.7011546842312261,
        0.6997393467825552,
        0.6991072559459784,
        0.6964048232460249,
        0.6972957199530455,
        0.6971665056726082,
        0.6970996598739484,
        0.6968918410558667
    ],
    "time": [
        101.92838525772095,
        101.48567008972168,
        101.94599342346191,
        101.58981108665466,
        101.47233510017395,
        101.10761260986328,
        101.21835708618164,
        101.27552771568298,
        101.61569333076477,
        101.19615435600281
    ]
}