{
    "energy": [
        0.006591460428222956,
        0.00657829039787287,
        0.006610849072435563,
        0.0065721088557787345,
        0.006554132066361729,
        0.006583388362427354,
        0.006555191611127399,
        0.006547936036437623,
        0.006570207691192294,
        0.006584488906674625
    ],
    "co2": [
        0.6591460428222956,
        0.657829039787287,
        0.6610849072435563,
        0.6572108855778734,
        0.655413206636173,
        0.6583388362427354,
        0.6555191611127399,
        0.6547936036437623,
        0.6570207691192295,
        0.6584488906674625
    ],
    "time": [
        95.96676778793335,
        95.47617721557617,
        95.82786226272583,
        95.65954613685608,
        95.49624609947205,
        95.19519758224487,
        95.28359460830688,
        95.3543553352356,
        95.65501618385315,
        95.30782985687256
    ]
}