{
    "energy": [
        0.005557850847526356,
        0.005572332493433303,
        0.005593087452152414,
        0.005570723910851343,
        0.005570119666173341,
        0.005559784146606747,
        0.005554300530257877,
        0.005555038149921188,
        0.005568107592768953,
        0.005550349286215946
    ],
    "co2": [
        0.5557850847526355,
        0.5572332493433303,
        0.5593087452152413,
        0.5570723910851343,
        0.5570119666173341,
        0.5559784146606747,
        0.5554300530257877,
        0.5555038149921189,
        0.5568107592768953,
        0.5550349286215946
    ],
    "time": [
        81.38561224937439,
        80.92433905601501,
        81.3358268737793,
        81.02364087104797,
        80.89443707466125,
        80.67648434638977,
        80.73703622817993,
        80.73025608062744,
        80.89232993125916,
        80.73921465873718
    ]
}