{
    "energy": [
        0.0025251213725867414,
        0.002523561015305203,
        0.002551251651804172,
        0.0025461489512614436,
        0.00254628175878272,
        0.002537913962883821,
        0.0025424889699557193,
        0.002539535391858018,
        0.0025414312149949956,
        0.0025396852630602228,
        0.0025359720383668996,
        0.0025381683350381677,
        0.002528323370305492,
        0.0025431318398007993,
        0.002530200428236709,
        0.0025239531260688387,
        0.0025328195686047726,
        0.002532039477144196,
        0.002531098840955841,
        0.0025318713036713756,
        0.0025329872589968387,
        0.002536043464508852,
        0.0025298905175092793,
        0.0025309900660603784,
        0.002526381762565693,
        0.002529987213974233,
        0.0025447114164810474,
        0.0025440778716356934,
        0.00253306332686275,
        0.0025505645030541855,
        0.0025456575582296997,
        0.0025350632300420724,
        0.0025306025455920592,
        0.0025369705160820126,
        0.002528692654610717,
        0.0025284331753476176,
        0.002529367586745106,
        0.0025330806288089524,
        0.0025276935309628914,
        0.0025531455622164008,
        0.0025323110910426237,
        0.002533049916748142,
        0.0025295496053381254,
        0.002531237468340004,
        0.0025341273603517256,
        0.0025315672753237714,
        0.0025306209055513005,
        0.0025487930983716096,
        0.002534361681404591,
        0.002529063332959373,
        0.0025341844882638942,
        0.0025267949293024563,
        0.0025489763879132394,
        0.002531057255364796,
        0.0025240648826606506,
        0.002534309801289208,
        0.0025315231089164743,
        0.002530620120913725,
        0.0025401445847760256,
        0.0025270128870201213,
        0.002531872347969827,
        0.002526011996576767,
        0.002530646153362804,
        0.002526283031929401
    ],
    "co2": [
        0.25251213725867416,
        0.2523561015305203,
        0.25512516518041717,
        0.2546148951261444,
        0.25462817587827197,
        0.2537913962883821,
        0.25424889699557196,
        0.2539535391858018,
        0.2541431214994996,
        0.2539685263060223,
        0.25359720383668993,
        0.2538168335038168,
        0.2528323370305492,
        0.25431318398007996,
        0.2530200428236709,
        0.25239531260688386,
        0.2532819568604773,
        0.2532039477144196,
        0.2531098840955841,
        0.2531871303671376,
        0.2532987258996839,
        0.2536043464508852,
        0.25298905175092795,
        0.25309900660603785,
        0.2526381762565693,
        0.2529987213974233,
        0.25447114164810475,
        0.2544077871635693,
        0.253306332686275,
        0.25505645030541857,
        0.25456575582297,
        0.2535063230042072,
        0.25306025455920594,
        0.2536970516082013,
        0.2528692654610717,
        0.25284331753476175,
        0.2529367586745106,
        0.25330806288089525,
        0.2527693530962891,
        0.25531455622164007,
        0.2532311091042624,
        0.25330499167481424,
        0.25295496053381256,
        0.2531237468340004,
        0.25341273603517256,
        0.2531567275323771,
        0.25306209055513007,
        0.25487930983716095,
        0.2534361681404591,
        0.2529063332959373,
        0.2534184488263894,
        0.2526794929302456,
        0.25489763879132393,
        0.2531057255364796,
        0.25240648826606504,
        0.2534309801289208,
        0.2531523108916474,
        0.2530620120913725,
        0.25401445847760257,
        0.25270128870201214,
        0.2531872347969827,
        0.2526011996576767,
        0.2530646153362804,
        0.25262830319294005
    ],
    "time": [
        37.407232999801636,
        36.80868697166443,
        37.09601330757141,
        37.06266474723816,
        37.026185035705566,
        36.90245294570923,
        36.92837882041931,
        36.9085533618927,
        36.99422287940979,
        36.904269218444824,
        36.887855052948,
        36.87744998931885,
        36.803263664245605,
        36.966758012771606,
        36.87268900871277,
        36.759721755981445,
        36.862390995025635,
        36.772427797317505,
        36.77108120918274,
        36.77194786071777,
        36.798015832901,
        36.86210823059082,
        36.78284215927124,
        36.7917377948761,
        36.80861520767212,
        36.80926012992859,
        37.00753998756409,
        37.0069637298584,
        36.795488119125366,
        36.97204375267029,
        37.01412391662598,
        36.80409646034241,
        36.81861352920532,
        36.76698350906372,
        36.783148765563965,
        36.76926589012146,
        36.81167674064636,
        36.77963352203369,
        36.77725791931152,
        37.013829946517944,
        36.75821352005005,
        36.793463468551636,
        36.7905695438385,
        36.78657269477844,
        36.81246471405029,
        36.776050090789795,
        36.78193926811218,
        36.99990963935852,
        36.81693696975708,
        36.78452277183533,
        36.81582593917847,
        36.78253245353699,
        36.998698711395264,
        36.80186700820923,
        36.78218150138855,
        36.79427409172058,
        36.78800630569458,
        36.786988496780396,
        36.98990488052368,
        36.77513146400452,
        36.78513860702515,
        36.76455760002136,
        36.77562475204468,
        36.76895332336426
    ]
}