{
    "energy": [
        0.008217747789387235,
        0.008230587824228716,
        0.008267840524930311,
        0.008235085900697001,
        0.008233385638845968,
        0.008203636348478534,
        0.008201037626643383,
        0.008214816633366113,
        0.00822171634356907,
        0.008207381782538882
    ],
    "co2": [
        0.8217747789387235,
        0.8230587824228716,
        0.8267840524930311,
        0.8235085900697001,
        0.8233385638845968,
        0.8203636348478535,
        0.8201037626643383,
        0.8214816633366113,
        0.822171634356907,
        0.8207381782538883
    ],
    "time": [
        119.74134111404419,
        118.94983434677124,
        119.4771523475647,
        119.0429847240448,
        118.98836874961853,
        118.57721090316772,
        118.62608313560486,
        118.66413879394531,
        118.97317433357239,
        118.68944311141968
    ]
}