{
    "energy": [
        0.006048685587202286,
        0.00604973359952385,
        0.006069623370942413,
        0.006049966278071544,
        0.006048211704103476,
        0.006020890235966492,
        0.006023786993108744,
        0.006028917708603312,
        0.0060509903271068815,
        0.006033490905335833,
        0.00603391365000884,
        0.006021217514147919,
        0.006019520361794979,
        0.0060448218176795835,
        0.00602494105131415,
        0.0060204819056008715,
        0.006018436087779385,
        0.006014579719265247,
        0.006014874846563414,
        0.006016327762482728,
        0.006014500700815637,
        0.0060170782386439825,
        0.006011751441753728,
        0.006013773202462992,
        0.0060189428471026695,
        0.0060255296978285805,
        0.006051043330584283,
        0.006051821839676362,
        0.006017033572425322,
        0.0060455175175630855,
        0.006054799978574598,
        0.006016894798480672,
        0.006021738488198677,
        0.006015565964707631,
        0.006023057113130615,
        0.006018367987433757,
        0.0060271219055357565,
        0.006014881148802289,
        0.006010798950862259,
        0.006044061230496364,
        0.006011458170426679,
        0.006016757407319929,
        0.006021605953866087,
        0.0060199743451649565,
        0.006032542153075169,
        0.006013009473143682,
        0.00601836471601538,
        0.006048358691905657,
        0.006018045909840897,
        0.006015293351657379,
        0.006023919210642602,
        0.006019083930828957,
        0.006056855550647228,
        0.006014474686544594,
        0.0060109146715359735,
        0.006013676147569223
    ],
    "co2": [
        0.6048685587202286,
        0.604973359952385,
        0.6069623370942413,
        0.6049966278071544,
        0.6048211704103477,
        0.6020890235966492,
        0.6023786993108744,
        0.6028917708603312,
        0.6050990327106881,
        0.6033490905335833,
        0.603391365000884,
        0.602121751414792,
        0.6019520361794979,
        0.6044821817679583,
        0.602494105131415,
        0.6020481905600872,
        0.6018436087779385,
        0.6014579719265247,
        0.6014874846563414,
        0.6016327762482728,
        0.6014500700815637,
        0.6017078238643983,
        0.6011751441753729,
        0.6013773202462992,
        0.601894284710267,
        0.602552969782858,
        0.6051043330584283,
        0.6051821839676362,
        0.6017033572425322,
        0.6045517517563086,
        0.6054799978574598,
        0.6016894798480672,
        0.6021738488198677,
        0.6015565964707631,
        0.6023057113130615,
        0.6018367987433757,
        0.6027121905535756,
        0.6014881148802289,
        0.601079895086226,
        0.6044061230496364,
        0.6011458170426679,
        0.6016757407319929,
        0.6021605953866087,
        0.6019974345164957,
        0.6032542153075169,
        0.6013009473143682,
        0.601836471601538,
        0.6048358691905658,
        0.6018045909840897,
        0.6015293351657379,
        0.6023919210642602,
        0.6019083930828957,
        0.6056855550647228,
        0.6014474686544594,
        0.6010914671535974,
        0.6013676147569224
    ],
    "time": [
        88.16738367080688,
        87.58094549179077,
        88.01320934295654,
        87.66635823249817,
        87.56831288337708,
        87.32104825973511,
        87.32653760910034,
        87.39763927459717,
        87.56863641738892,
        87.5537314414978,
        87.32480573654175,
        87.35619950294495,
        87.1810519695282,
        87.56150197982788,
        87.25960040092468,
        87.08251309394836,
        87.32011723518372,
        87.11621594429016,
        87.10633611679077,
        87.14046263694763,
        87.18242478370667,
        87.16396689414978,
        87.16937303543091,
        87.10821795463562,
        87.12490653991699,
        87.2108428478241,
        87.62439298629761,
        87.61895775794983,
        87.14845633506775,
        87.56107234954834,
        87.65483260154724,
        87.1667218208313,
        87.2061550617218,
        87.1457290649414,
        87.17377543449402,
        87.08359241485596,
        87.25924634933472,
        87.14695167541504,
        87.13099670410156,
        87.61499071121216,
        87.10430479049683,
        87.10964822769165,
        87.15461111068726,
        87.15763020515442,
        87.43176174163818,
        87.15975069999695,
        87.11365151405334,
        87.59750175476074,
        87.16889834403992,
        87.1179940700531,
        87.17068338394165,
        87.16590666770935,
        87.6584358215332,
        87.20126342773438,
        87.1218683719635,
        87.14231705665588
    ]
}