{
    "energy": [
        0.003487231008592354,
        0.003494387604574545,
        0.003525903120308759,
        0.003519207184633266,
        0.003502233911278777,
        0.0035050702581264017,
        0.0035038264881182093,
        0.0035016934271495308,
        0.0035103264994126113,
        0.003500320520303848,
        0.003508328347011211,
        0.0035071421710656725,
        0.003516420412813145,
        0.0035096863430412835,
        0.0034659514298668297,
        0.003485022650009562,
        0.0034985580706122115,
        0.00344157449717503,
        0.0034709251675348533,
        0.003492895290561583,
        0.003473140227406823,
        0.0035084234594307245,
        0.003502700888542229,
        0.0034745556625738264,
        0.003477348618359152,
        0.003502262231813927,
        0.0035101802435290263,
        0.0035191354479905813,
        0.003456771457145335,
        0.0035040625986936954,
        0.0035043034610751193,
        0.0034972964584340876,
        0.0034784799936384836,
        0.0034967554742043896,
        0.003476671511902219,
        0.0034589521621052875,
        0.003464028668172388,
        0.003486407157746698,
        0.0035047939755010853,
        0.0035060361729319267,
        0.0034797423842952164,
        0.003503535712959488,
        0.0034618984675970107,
        0.003500656965766717,
        0.0035015360482123885,
        0.003470331992304,
        0.0034935766128030223,
        0.003509919844519826,
        0.003487049242689901,
        0.003499975460123958,
        0.0034552466651823544,
        0.00350173225267492,
        0.0035100773511492203,
        0.0034864079016413375,
        0.003477246178018796,
        0.0035020615814902586,
        0.0035137479117505234,
        0.0035092395891543676,
        0.0035059072312519134,
        0.003477165725413056,
        0.003511780639779585,
        0.0034721382270930224,
        0.0035034005179391883,
        0.0034880173869684806
    ],
    "co2": [
        0.3487231008592354,
        0.34943876045745453,
        0.3525903120308759,
        0.3519207184633266,
        0.3502233911278777,
        0.35050702581264015,
        0.3503826488118209,
        0.3501693427149531,
        0.35103264994126115,
        0.3500320520303848,
        0.3508328347011211,
        0.35071421710656725,
        0.3516420412813145,
        0.35096863430412834,
        0.346595142986683,
        0.3485022650009562,
        0.34985580706122116,
        0.344157449717503,
        0.34709251675348535,
        0.3492895290561583,
        0.3473140227406823,
        0.35084234594307245,
        0.3502700888542229,
        0.3474555662573826,
        0.3477348618359152,
        0.3502262231813927,
        0.35101802435290264,
        0.3519135447990581,
        0.3456771457145335,
        0.3504062598693695,
        0.35043034610751195,
        0.34972964584340877,
        0.34784799936384836,
        0.34967554742043894,
        0.3476671511902219,
        0.34589521621052877,
        0.3464028668172388,
        0.3486407157746698,
        0.35047939755010854,
        0.35060361729319267,
        0.34797423842952163,
        0.3503535712959488,
        0.34618984675970105,
        0.3500656965766717,
        0.35015360482123886,
        0.3470331992304,
        0.3493576612803022,
        0.3509919844519826,
        0.3487049242689901,
        0.3499975460123958,
        0.34552466651823543,
        0.350173225267492,
        0.351007735114922,
        0.34864079016413374,
        0.34772461780187963,
        0.35020615814902584,
        0.3513747911750523,
        0.35092395891543676,
        0.35059072312519135,
        0.3477165725413056,
        0.35117806397795853,
        0.34721382270930223,
        0.3503400517939188,
        0.34880173869684805
    ],
    "time": [
        51.50015377998352,
        50.8441743850708,
        51.23331379890442,
        51.076274156570435,
        50.96564793586731,
        50.804651975631714,
        50.80306267738342,
        50.82123804092407,
        50.93191647529602,
        50.80426096916199,
        50.810364723205566,
        50.79041528701782,
        50.69747877120972,
        50.94643592834473,
        50.787729263305664,
        50.678375005722046,
        50.90197134017944,
        50.70762801170349,
        50.65949249267578,
        50.69217395782471,
        50.720709800720215,
        50.72034215927124,
        50.6959433555603,
        50.71646285057068,
        50.68247151374817,
        50.7228786945343,
        50.986034631729126,
        50.98647999763489,
        50.698172092437744,
        50.93172073364258,
        50.987016677856445,
        50.6789870262146,
        50.712624073028564,
        50.659998655319214,
        50.68132209777832,
        50.679232358932495,
        50.73014807701111,
        50.6734619140625,
        50.708937644958496,
        51.002745628356934,
        50.63474798202515,
        50.69566774368286,
        50.806092262268066,
        50.6827335357666,
        50.71749520301819,
        50.69139838218689,
        50.67305064201355,
        50.973538637161255,
        50.72130012512207,
        50.68811225891113,
        50.708025217056274,
        50.67505860328674,
        50.94145226478577,
        50.714277505874634,
        50.66030836105347,
        50.69136381149292,
        50.67904877662659,
        50.69422149658203,
        50.70310735702515,
        50.67601990699768,
        50.68605065345764,
        50.664241790771484,
        50.681209087371826,
        50.65153408050537
    ]
}