{
    "energy": [
        0.015719657064786112,
        0.015618324772955515,
        0.015518990417220331,
        0.015558638354301144,
        0.015519087798716434,
        0.015540800151559269,
        0.01548268106227066
    ],
    "co2": [
        1.5719657064786112,
        1.5618324772955514,
        1.551899041722033,
        1.5558638354301144,
        1.5519087798716433,
        1.5540800151559269,
        1.548268106227066
    ],
    "time": [
        229.40608620643616,
        228.45062565803528,
        228.01848936080933,
        228.51515793800354,
        227.9081690311432,
        227.8851408958435,
        227.92727041244507
    ]
}