{
    "energy": [
        0.0030015772602018554,
        0.0030090090629604385,
        0.003028509374827242,
        0.0030308955044998464,
        0.003018705004043022,
        0.003003347893236892,
        0.0030076780697404857,
        0.003003495186738962,
        0.0030186710313480397,
        0.0030030707039733788,
        0.0030001458375490354,
        0.003006119770986741,
        0.002996353812532829,
        0.0030142762405976574,
        0.003003758816959888,
        0.00299652425615946,
        0.0030078410115354465,
        0.0029921321142916332,
        0.0029974951309181303,
        0.0029972283718097564,
        0.002996943734096513,
        0.0030016985706676005,
        0.0029985617755988628,
        0.0030004066092609166,
        0.003002242197310331,
        0.00299914021766762,
        0.003017307313163088,
        0.0030134810957207596,
        0.0029986275365718215,
        0.003003552444444652,
        0.003015493426102906,
        0.002998383757629608,
        0.0029962084991690453,
        0.002999777643174268,
        0.002995639033881572,
        0.002997495748551806,
        0.0029993404948312308,
        0.0029960648359533167,
        0.002992497289988223,
        0.003026512688971414,
        0.0029963022689496787,
        0.002997845497205521,
        0.0029970741793577628,
        0.00299754021320418,
        0.0029935391467969864,
        0.0029932479049675116,
        0.0029996785168500267,
        0.003014728889698603,
        0.002994122763471538,
        0.0029939463051536592,
        0.0029966070003688977,
        0.003001361811363159,
        0.003013868033331292,
        0.003004052295604556,
        0.0030022903424464535,
        0.0030031863315776335,
        0.002992439501292736,
        0.0029981836801931472,
        0.0030020655998414425,
        0.0029949549066497507,
        0.0029985603761537353,
        0.0029960054643557435,
        0.002995883925122569,
        0.002992259261776802
    ],
    "co2": [
        0.30015772602018553,
        0.3009009062960438,
        0.30285093748272424,
        0.30308955044998465,
        0.3018705004043022,
        0.3003347893236892,
        0.3007678069740486,
        0.3003495186738962,
        0.30186710313480397,
        0.3003070703973379,
        0.30001458375490353,
        0.3006119770986741,
        0.2996353812532829,
        0.30142762405976575,
        0.3003758816959888,
        0.299652425615946,
        0.30078410115354465,
        0.29921321142916335,
        0.299749513091813,
        0.29972283718097564,
        0.29969437340965127,
        0.30016985706676,
        0.29985617755988625,
        0.30004066092609166,
        0.3002242197310331,
        0.299914021766762,
        0.3017307313163088,
        0.301348109572076,
        0.2998627536571821,
        0.3003552444444652,
        0.3015493426102906,
        0.2998383757629608,
        0.2996208499169045,
        0.2999777643174268,
        0.2995639033881572,
        0.29974957485518056,
        0.2999340494831231,
        0.29960648359533165,
        0.2992497289988223,
        0.3026512688971414,
        0.2996302268949679,
        0.2997845497205521,
        0.29970741793577627,
        0.299754021320418,
        0.29935391467969863,
        0.29932479049675115,
        0.2999678516850027,
        0.3014728889698603,
        0.2994122763471538,
        0.2993946305153659,
        0.29966070003688977,
        0.3001361811363159,
        0.30138680333312917,
        0.3004052295604556,
        0.30022903424464537,
        0.30031863315776336,
        0.29924395012927363,
        0.2998183680193147,
        0.30020655998414425,
        0.29949549066497505,
        0.29985603761537355,
        0.2996005464355743,
        0.2995883925122569,
        0.29922592617768023
    ],
    "time": [
        44.36987233161926,
        43.68519115447998,
        44.04835867881775,
        43.92621350288391,
        43.81934428215027,
        43.68671011924744,
        43.670510053634644,
        43.68217945098877,
        43.781503677368164,
        43.663472414016724,
        43.68791890144348,
        43.68078970909119,
        43.59020733833313,
        43.78974199295044,
        43.627644777297974,
        43.517608642578125,
        43.665722608566284,
        43.57041358947754,
        43.60047721862793,
        43.54585814476013,
        43.56734609603882,
        43.56376314163208,
        43.54922080039978,
        43.56724500656128,
        43.545628786087036,
        43.5942280292511,
        43.83765435218811,
        43.825812578201294,
        43.56191158294678,
        43.78359270095825,
        43.82618498802185,
        43.56045389175415,
        43.5758843421936,
        43.54362607002258,
        43.55050849914551,
        43.53392291069031,
        43.57940101623535,
        43.55595517158508,
        43.55673122406006,
        43.844340562820435,
        43.52524733543396,
        43.56443762779236,
        43.568679094314575,
        43.54009222984314,
        43.57837104797363,
        43.535733222961426,
        43.54441976547241,
        43.80047965049744,
        43.58281755447388,
        43.50625944137573,
        43.54123401641846,
        43.52387881278992,
        43.80119872093201,
        43.55290174484253,
        43.531514406204224,
        43.52255177497864,
        43.51255488395691,
        43.52416110038757,
        43.53411364555359,
        43.53455066680908,
        43.56024742126465,
        43.5233678817749,
        43.54471039772034,
        43.50644326210022
    ]
}