{
    "energy": [
        0.004998805320336787,
        0.005011986750529561,
        0.0050306591879807514,
        0.005016734856980688,
        0.005014149508494618,
        0.00499961556047854,
        0.004996935619033267,
        0.004992119273205813,
        0.005006156881805746,
        0.004995124195187868
    ],
    "co2": [
        0.49988053203367866,
        0.5011986750529561,
        0.5030659187980752,
        0.5016734856980688,
        0.5014149508494617,
        0.499961556047854,
        0.49969356190332664,
        0.4992119273205813,
        0.5006156881805746,
        0.4995124195187868
    ],
    "time": [
        73.26896166801453,
        72.8348023891449,
        73.21200966835022,
        72.95344018936157,
        72.83470892906189,
        72.57424998283386,
        72.62963247299194,
        72.6751081943512,
        72.83840727806091,
        72.64322233200073
    ]
}