{
    "energy": [
        0.020734727980379952,
        0.020686561569823236,
        0.02077822409566371,
        0.020724424396537967,
        0.020714283553043052,
        0.0206755516119693,
        0.0207157450802575,
        0.020689004150507007,
        0.020706702741125453,
        0.02068556790757064
    ],
    "co2": [
        2.0734727980379954,
        2.068656156982324,
        2.0778224095663713,
        2.0724424396537966,
        2.071428355304305,
        2.06755516119693,
        2.07157450802575,
        2.0689004150507007,
        2.0706702741125453,
        2.068556790757064
    ],
    "time": [
        302.03001594543457,
        300.89725828170776,
        302.1755168437958,
        301.31847953796387,
        301.0871670246124,
        300.48216009140015,
        300.8311800956726,
        300.9108216762543,
        301.07699394226074,
        300.8170566558838
    ]
}