{
    "energy": [
        0.004638900522398405,
        0.004651652175307257,
        0.004670803647785959,
        0.004655359597579491,
        0.004644936787825608,
        0.004633434466848132,
        0.004625275406968728,
        0.00462642147082326,
        0.004641903976709899,
        0.004627975741234202
    ],
    "co2": [
        0.46389005223984053,
        0.46516521753072565,
        0.4670803647785959,
        0.46553595975794904,
        0.4644936787825608,
        0.4633434466848132,
        0.46252754069687274,
        0.462642147082326,
        0.4641903976709899,
        0.4627975741234202
    ],
    "time": [
        67.8703179359436,
        67.30412697792053,
        67.6522045135498,
        67.36397504806519,
        67.18469762802124,
        66.97049522399902,
        66.96783924102783,
        66.99943995475769,
        67.14567804336548,
        66.97128391265869
    ]
}