{
    "energy": [
        0.004050501622505431,
        0.004055444040362369,
        0.0040439596148975744,
        0.004035806146082633,
        0.004042008881262587,
        0.004032852932012031,
        0.0040361767206544006,
        0.0040366155384867,
        0.0040365358717086245,
        0.004026556044495609,
        0.004027424256273183,
        0.004020157006336886,
        0.004025126888587796,
        0.004039491147399142,
        0.004038278188520164,
        0.004042285075154713,
        0.0040394044363871884,
        0.004035392435778079,
        0.004024690486991056,
        0.004046039889392482,
        0.004019042606197653,
        0.004029127622102207,
        0.004025549377726729,
        0.004040979894945671,
        0.004037825100280601,
        0.004047572700761696,
        0.004044161585237474,
        0.004028641529238976
    ],
    "co2": [
        0.4050501622505431,
        0.40554440403623687,
        0.4043959614897574,
        0.40358061460826333,
        0.4042008881262587,
        0.4032852932012031,
        0.4036176720654401,
        0.40366155384867,
        0.40365358717086247,
        0.40265560444956094,
        0.4027424256273183,
        0.4020157006336886,
        0.40251268885877955,
        0.4039491147399142,
        0.4038278188520164,
        0.4042285075154713,
        0.40394044363871884,
        0.4035392435778079,
        0.4024690486991056,
        0.4046039889392482,
        0.4019042606197653,
        0.4029127622102207,
        0.4025549377726729,
        0.40409798949456704,
        0.4037825100280601,
        0.40475727007616963,
        0.4044161585237474,
        0.4028641529238976
    ],
    "time": [
        58.7343955039978,
        58.377418994903564,
        58.13875341415405,
        57.96019649505615,
        57.93643927574158,
        57.84109091758728,
        57.857110023498535,
        57.69090986251831,
        57.698169231414795,
        57.63903498649597,
        57.63912892341614,
        57.65943264961243,
        57.64716649055481,
        58.05446648597717,
        57.755677700042725,
        57.817031145095825,
        57.644294023513794,
        57.61643719673157,
        57.659905195236206,
        57.82284498214722,
        57.66688060760498,
        57.677048206329346,
        57.69525170326233,
        57.80062413215637,
        57.66435670852661,
        57.68207788467407,
        57.78867053985596,
        57.60873556137085
    ]
}