{
    "energy": [
        0.008021447409493036,
        0.008039539421550945,
        0.00810530443539118,
        0.008042733359133839,
        0.008020483529262686,
        0.008032609777302349,
        0.008030447100876217,
        0.008044823098682726,
        0.00802379219804684,
        0.008047243674296942
    ],
    "co2": [
        0.8021447409493035,
        0.8039539421550945,
        0.8105304435391181,
        0.8042733359133839,
        0.8020483529262686,
        0.8032609777302349,
        0.8030447100876217,
        0.8044823098682726,
        0.802379219804684,
        0.8047243674296942
    ],
    "time": [
        116.51658535003662,
        115.83931136131287,
        116.39595580101013,
        116.14910745620728,
        116.004953622818,
        115.47375059127808,
        115.55013680458069,
        115.786141872406,
        116.00540089607239,
        115.54088497161865
    ]
}