{
    "energy": [
        0.004573680183952025,
        0.00457358090132195,
        0.004603528201734575,
        0.0045986159186613765,
        0.004579473481315726,
        0.004560122152364362,
        0.004567908471115421,
        0.004571014896695535,
        0.0045825951089792805,
        0.0045679254103655215,
        0.0045634744419092,
        0.00455777270074705,
        0.00455532244438094,
        0.00458726607726223,
        0.004566330357132428,
        0.004555126424099164,
        0.0045728220337676,
        0.004558850031501249,
        0.004558586311759764,
        0.004554567914922964,
        0.004562652119558267,
        0.00456080707329048,
        0.004557625764058296,
        0.004566323295026603,
        0.0045581256073410755,
        0.004566564656757152,
        0.004586180179438763,
        0.0045805404650993645,
        0.004553123922706439,
        0.0045726463942003595,
        0.004583759438548958,
        0.004553802128999088,
        0.004565920645663328,
        0.004543287610176276,
        0.00456080018879453,
        0.004559371564076926,
        0.004568941880700219,
        0.004560037411057021,
        0.004552262001983037,
        0.004584480686385428,
        0.00455546817342579,
        0.0045545066034509765,
        0.004559182586363558,
        0.004558029120581334,
        0.004566886894710659,
        0.004558548302523236,
        0.004561299053264056,
        0.004590154508880261,
        0.004562955458740148,
        0.004556250566467455,
        0.004563755891445387,
        0.004558237123470707,
        0.004583639313304801,
        0.004558887482283254,
        0.004555134115498062,
        0.004556781582553953,
        0.004566282424458481,
        0.0045608180945965774,
        0.0045535419777211995,
        0.004567154324937123,
        0.0045593924612227004,
        0.004556214160209749,
        0.004556995148623606,
        0.004549986052230791
    ],
    "co2": [
        0.45736801839520247,
        0.457358090132195,
        0.4603528201734575,
        0.4598615918661376,
        0.45794734813157256,
        0.4560122152364362,
        0.4567908471115421,
        0.45710148966955344,
        0.45825951089792805,
        0.45679254103655215,
        0.45634744419092,
        0.455777270074705,
        0.455532244438094,
        0.458726607726223,
        0.4566330357132428,
        0.4555126424099164,
        0.45728220337675995,
        0.4558850031501249,
        0.45585863117597636,
        0.45545679149229634,
        0.45626521195582675,
        0.456080707329048,
        0.45576257640582957,
        0.45663232950266025,
        0.45581256073410753,
        0.45665646567571516,
        0.4586180179438763,
        0.4580540465099365,
        0.4553123922706439,
        0.4572646394200359,
        0.45837594385489583,
        0.4553802128999088,
        0.4565920645663328,
        0.4543287610176276,
        0.456080018879453,
        0.4559371564076926,
        0.4568941880700219,
        0.45600374110570213,
        0.4552262001983037,
        0.45844806863854276,
        0.455546817342579,
        0.4554506603450976,
        0.45591825863635577,
        0.4558029120581334,
        0.4566886894710659,
        0.45585483025232354,
        0.45612990532640557,
        0.4590154508880261,
        0.4562955458740148,
        0.4556250566467455,
        0.45637558914453874,
        0.45582371234707075,
        0.4583639313304801,
        0.4558887482283254,
        0.45551341154980624,
        0.4556781582553953,
        0.4566282424458481,
        0.45608180945965776,
        0.45535419777211994,
        0.45671543249371227,
        0.45593924612227005,
        0.45562141602097495,
        0.4556995148623606,
        0.45499860522307906
    ],
    "time": [
        67.09700632095337,
        66.54277753829956,
        66.89812588691711,
        66.70486235618591,
        66.57304954528809,
        66.42733025550842,
        66.45922327041626,
        66.46390628814697,
        66.61978602409363,
        66.44217276573181,
        66.44399094581604,
        66.42677974700928,
        66.33902263641357,
        66.60811185836792,
        66.39485836029053,
        66.19234490394592,
        66.38803100585938,
        66.20993256568909,
        66.20713829994202,
        66.21884894371033,
        66.27730989456177,
        66.31206727027893,
        66.23838210105896,
        66.29127335548401,
        66.23986792564392,
        66.34082889556885,
        66.64407587051392,
        66.71235370635986,
        66.31128716468811,
        66.62160992622375,
        66.69683837890625,
        66.28439998626709,
        66.25135564804077,
        66.26609706878662,
        66.2182354927063,
        66.23581027984619,
        66.3094391822815,
        66.2304139137268,
        66.3340995311737,
        66.64653944969177,
        66.2245728969574,
        66.25815749168396,
        66.30699968338013,
        66.23736882209778,
        66.26962685585022,
        66.23549604415894,
        66.23346161842346,
        66.66831302642822,
        66.30710577964783,
        66.19692492485046,
        66.28108501434326,
        66.31236028671265,
        66.61590623855591,
        66.37791275978088,
        66.23502731323242,
        66.31699252128601,
        66.23096346855164,
        66.28752779960632,
        66.30227851867676,
        66.2516918182373,
        66.25672316551208,
        66.26568555831909,
        66.20215439796448,
        66.19984245300293
    ]
}