{
    "energy": [
        0.007577404279233937,
        0.007568349134391857,
        0.007599251066721123,
        0.00757665448637956,
        0.007579220578657516,
        0.007537911976123965,
        0.007552149920985844,
        0.007563781693370182,
        0.007557721474940182,
        0.007552900437678958
    ],
    "co2": [
        0.7577404279233937,
        0.7568349134391857,
        0.7599251066721123,
        0.757665448637956,
        0.7579220578657516,
        0.7537911976123965,
        0.7552149920985844,
        0.7563781693370182,
        0.7557721474940182,
        0.7552900437678958
    ],
    "time": [
        110.89335680007935,
        110.30526471138,
        110.80766129493713,
        110.4607048034668,
        110.3129255771637,
        109.96698212623596,
        110.06538939476013,
        110.06449937820435,
        110.34415459632874,
        110.04652142524719
    ]
}