{
    "energy": [
        0.0007455428098955328,
        0.0007339782032956261,
        0.0007437648138146674,
        0.0007399044552813556,
        0.0007401189457593551,
        0.0007442389604457569,
        0.0007447840087361127,
        0.0007448624510045884,
        0.0007471385285054172,
        0.0007444728637393833
    ],
    "co2": [
        0.07455428098955327,
        0.07339782032956262,
        0.07437648138146674,
        0.07399044552813555,
        0.0740118945759355,
        0.0744238960445757,
        0.07447840087361127,
        0.07448624510045884,
        0.07471385285054172,
        0.07444728637393833
    ],
    "time": [
        11.6608407497406,
        10.707484245300293,
        10.852682828903198,
        10.855478763580322,
        10.85202956199646,
        10.836191892623901,
        10.853433609008789,
        10.860050678253174,
        10.901875734329224,
        10.871379613876343
    ]
}