{
    "energy": [
        0.0373892326973526,
        0.03810006455539696,
        0.038065043711688444,
        0.038089366617860575
    ],
    "co2": [
        3.73892326973526,
        3.810006455539696,
        3.8065043711688444,
        3.8089366617860576
    ],
    "time": [
        569.2469120025635,
        567.0248000621796,
        566.7870035171509,
        566.5925154685974
    ]
}