{
    "energy": [
        0.0016447026135663345,
        0.0016430579624596585,
        0.0016647725556314043,
        0.0016602031750794837,
        0.0016636131689856623,
        0.0016630111449672095,
        0.0016568609024186806,
        0.0016543943594513654,
        0.0016606354190610588,
        0.0016533583440188934,
        0.0016441023451459038,
        0.0016502332385276224,
        0.0016511566582684315,
        0.0016545987978740806,
        0.001644861218069035,
        0.0016495721956791506,
        0.001647573538580833,
        0.0016485697006581247,
        0.0016445519745064642,
        0.0016448655900209753,
        0.0016447719327389375,
        0.0016497477876720726,
        0.0016487187618996783,
        0.0016418390794941974,
        0.0016413690744055184,
        0.001647214275074072,
        0.0016469354985823013,
        0.001652458001508213,
        0.0016394894337633677,
        0.0016525722920509504,
        0.0016532171218363485,
        0.0016438079322739494,
        0.0016480469607644621,
        0.0016476569038199771,
        0.0016446268445542214,
        0.0016542116714104457,
        0.0016463686559330024,
        0.0016405830224490655,
        0.0016413972608022,
        0.0016536528301952793,
        0.0016421030007197773,
        0.001646308756621129,
        0.0016445652207693565,
        0.00164419448838634,
        0.001643955473024045,
        0.0016413125086016437,
        0.0016475031945733486,
        0.0016555182108121645,
        0.0016475526258332663,
        0.0016462436372054804,
        0.0016479334968533136,
        0.0016367437665679137,
        0.0016545143006769735,
        0.0016412127524320836,
        0.00164359795072206,
        0.001643486076887334
    ],
    "co2": [
        0.16447026135663345,
        0.16430579624596583,
        0.16647725556314044,
        0.16602031750794838,
        0.16636131689856623,
        0.16630111449672094,
        0.16568609024186806,
        0.16543943594513655,
        0.16606354190610587,
        0.16533583440188934,
        0.1644102345145904,
        0.16502332385276225,
        0.16511566582684314,
        0.16545987978740806,
        0.1644861218069035,
        0.16495721956791506,
        0.1647573538580833,
        0.16485697006581249,
        0.1644551974506464,
        0.16448655900209752,
        0.16447719327389373,
        0.16497477876720726,
        0.16487187618996782,
        0.16418390794941976,
        0.16413690744055184,
        0.1647214275074072,
        0.16469354985823012,
        0.1652458001508213,
        0.16394894337633678,
        0.16525722920509503,
        0.16532171218363484,
        0.16438079322739493,
        0.1648046960764462,
        0.1647656903819977,
        0.16446268445542214,
        0.16542116714104457,
        0.16463686559330024,
        0.16405830224490656,
        0.16413972608022,
        0.16536528301952794,
        0.16421030007197773,
        0.1646308756621129,
        0.16445652207693565,
        0.164419448838634,
        0.1643955473024045,
        0.16413125086016436,
        0.16475031945733487,
        0.16555182108121647,
        0.16475526258332662,
        0.16462436372054803,
        0.16479334968533135,
        0.16367437665679138,
        0.16545143006769736,
        0.16412127524320835,
        0.164359795072206,
        0.16434860768873338
    ],
    "time": [
        24.588791847229004,
        23.802401542663574,
        24.089402675628662,
        24.086562156677246,
        24.07216453552246,
        23.98932981491089,
        23.984522342681885,
        23.949648141860962,
        23.99161148071289,
        23.92572021484375,
        23.905445098876953,
        23.902709007263184,
        23.862444162368774,
        23.970546007156372,
        23.89457941055298,
        23.833908796310425,
        23.888752222061157,
        23.826067447662354,
        23.812329053878784,
        23.823469400405884,
        23.82199001312256,
        23.832571983337402,
        23.82458734512329,
        23.82773447036743,
        23.82293438911438,
        23.841416835784912,
        23.977062225341797,
        23.98328137397766,
        23.814630031585693,
        23.95307683944702,
        23.983556747436523,
        23.819615364074707,
        23.84159755706787,
        23.813299894332886,
        23.81941795349121,
        24.024105548858643,
        23.84349513053894,
        23.817352056503296,
        23.81351923942566,
        23.98572325706482,
        23.77553153038025,
        23.815874576568604,
        23.827656269073486,
        23.816844940185547,
        23.83730673789978,
        23.814025402069092,
        23.816065311431885,
        23.963073015213013,
        23.84725046157837,
        23.815749883651733,
        23.83009696006775,
        23.82590961456299,
        23.968878269195557,
        23.83506488800049,
        23.8202908039093,
        23.82420539855957
    ]
}