{
    "energy": [
        0.0024618136582664446,
        0.0024681631487404143,
        0.002501702801299105,
        0.0024915045140205382,
        0.0024907364074977603,
        0.002480162446556474,
        0.0024823871529245593,
        0.0024717074034656485,
        0.0024755344033254405,
        0.00247557273371647,
        0.002474548944684357,
        0.002474192246937505,
        0.002464689712835813,
        0.0024807600305691907,
        0.0024692735881797494,
        0.0024600557925866765,
        0.0024729102268262458,
        0.0024612557146673746,
        0.002461878188087833,
        0.002460425485743319,
        0.0024662892265204257,
        0.002465906532696457,
        0.0024810365171899834,
        0.0024629847037710337,
        0.0024637395257184566,
        0.002468691481880047,
        0.0024823031004031345,
        0.0024801202410654026,
        0.0024687374629404697,
        0.002481295914230492,
        0.002484063388399585,
        0.002466548999182722,
        0.002463576740481066,
        0.002460695393317015,
        0.002467043637364174,
        0.0024580834866317993,
        0.00246666269528815,
        0.0024648752303030865,
        0.0024631070399662915,
        0.0024827802337056806,
        0.002460282022368565,
        0.00246236866027067,
        0.002465270583676458,
        0.0024642483860624256,
        0.0024714119567607377,
        0.002461151992503485,
        0.002467789486380201,
        0.002476324504935776,
        0.0024683760007254024,
        0.002464120044388367,
        0.0024671768382238182,
        0.0024613782258195195,
        0.002475951494818855,
        0.0024626660547377283,
        0.0024585831243911596,
        0.0024679616257276223
    ],
    "co2": [
        0.24618136582664446,
        0.24681631487404143,
        0.2501702801299105,
        0.24915045140205383,
        0.24907364074977603,
        0.2480162446556474,
        0.24823871529245592,
        0.24717074034656486,
        0.24755344033254406,
        0.247557273371647,
        0.2474548944684357,
        0.24741922469375047,
        0.24646897128358128,
        0.24807600305691907,
        0.24692735881797495,
        0.24600557925866764,
        0.24729102268262457,
        0.24612557146673747,
        0.2461878188087833,
        0.2460425485743319,
        0.24662892265204256,
        0.24659065326964572,
        0.24810365171899834,
        0.24629847037710337,
        0.24637395257184566,
        0.2468691481880047,
        0.24823031004031346,
        0.24801202410654027,
        0.246873746294047,
        0.24812959142304922,
        0.2484063388399585,
        0.24665489991827222,
        0.2463576740481066,
        0.2460695393317015,
        0.2467043637364174,
        0.24580834866317994,
        0.246666269528815,
        0.24648752303030866,
        0.24631070399662916,
        0.24827802337056806,
        0.2460282022368565,
        0.24623686602706701,
        0.24652705836764582,
        0.24642483860624256,
        0.24714119567607376,
        0.24611519925034853,
        0.2467789486380201,
        0.24763245049357763,
        0.24683760007254024,
        0.24641200443883668,
        0.24671768382238182,
        0.24613782258195194,
        0.2475951494818855,
        0.24626660547377283,
        0.24585831243911596,
        0.24679616257276224
    ],
    "time": [
        36.469011306762695,
        35.791913747787476,
        36.18492889404297,
        36.07611680030823,
        36.0149712562561,
        35.90107703208923,
        35.881608963012695,
        35.82040190696716,
        35.89720916748047,
        35.79637551307678,
        35.793570041656494,
        35.778799057006836,
        35.68205189704895,
        35.87685823440552,
        35.770776987075806,
        35.64693307876587,
        35.77806091308594,
        35.67129421234131,
        35.664239168167114,
        35.67307996749878,
        35.69586253166199,
        35.70281529426575,
        35.888320446014404,
        35.68547773361206,
        35.67798829078674,
        35.71226119995117,
        35.9249587059021,
        35.925788164138794,
        35.69394612312317,
        35.8910391330719,
        35.91394829750061,
        35.68949341773987,
        35.71093511581421,
        35.668790340423584,
        35.692394495010376,
        35.656367778778076,
        35.716907262802124,
        35.68457555770874,
        35.69378638267517,
        35.93479132652283,
        35.64195966720581,
        35.69081449508667,
        35.68683099746704,
        35.669137716293335,
        35.712772607803345,
        35.66115927696228,
        35.678483963012695,
        35.89952039718628,
        35.71355676651001,
        35.67488932609558,
        35.690348863601685,
        35.674771547317505,
        35.91016483306885,
        35.714844703674316,
        35.67474365234375,
        35.68982648849487
    ]
}