{
    "energy": [
        0.0020279677371058827,
        0.002032465508785079,
        0.0020512925041679913,
        0.002047360538534501,
        0.002044847894584806,
        0.002039101952777048,
        0.0020450841218820136,
        0.002042472133852575,
        0.0020469812488043936,
        0.0020433095094812325,
        0.002037071776195565,
        0.002046125328110089,
        0.0020371266048154237,
        0.0020486226837316142,
        0.0020464345993078574,
        0.0020324573626718124,
        0.002038632876597079,
        0.002035945217943519,
        0.0020385492543870862,
        0.00203436634201366,
        0.002038177912838019,
        0.0020387319662497996,
        0.0020356913244346233,
        0.00203924355774153,
        0.0020445015474952243,
        0.0020403613189048236,
        0.002053131511022261,
        0.002063620535205943,
        0.002043954445482689,
        0.0020477084722778155,
        0.002045270672479197,
        0.002039781278266114,
        0.0020405085532033363,
        0.0020436042908047744,
        0.00203602609111329,
        0.0020428749409158006,
        0.002051549911326943,
        0.0020604613306382537,
        0.0020515345272980106,
        0.002069868819521141,
        0.0020521849835812966,
        0.0020464877791132154,
        0.002049742748167273,
        0.0020416075424041524,
        0.0020450517359067873,
        0.0020441455996268983,
        0.0020477166977101893,
        0.002055118655357515,
        0.002048550887723547,
        0.002041025316456538,
        0.0020471417783189576,
        0.0020456169585661202,
        0.0020513168332876967,
        0.002048010624285381,
        0.002043948485824487,
        0.0020445560420529483
    ],
    "co2": [
        0.20279677371058827,
        0.2032465508785079,
        0.20512925041679914,
        0.20473605385345012,
        0.20448478945848061,
        0.2039101952777048,
        0.20450841218820134,
        0.20424721338525748,
        0.20469812488043937,
        0.20433095094812326,
        0.2037071776195565,
        0.2046125328110089,
        0.20371266048154235,
        0.20486226837316143,
        0.20464345993078575,
        0.20324573626718123,
        0.2038632876597079,
        0.20359452179435192,
        0.20385492543870862,
        0.203436634201366,
        0.2038177912838019,
        0.20387319662497996,
        0.20356913244346234,
        0.20392435577415302,
        0.20445015474952244,
        0.20403613189048236,
        0.20531315110222612,
        0.20636205352059428,
        0.2043954445482689,
        0.20477084722778155,
        0.2045270672479197,
        0.20397812782661143,
        0.20405085532033362,
        0.20436042908047744,
        0.203602609111329,
        0.20428749409158006,
        0.20515499113269428,
        0.20604613306382538,
        0.20515345272980107,
        0.2069868819521141,
        0.20521849835812966,
        0.20464877791132155,
        0.2049742748167273,
        0.20416075424041524,
        0.20450517359067874,
        0.20441455996268984,
        0.20477166977101893,
        0.20551186553575151,
        0.2048550887723547,
        0.2041025316456538,
        0.20471417783189577,
        0.20456169585661202,
        0.2051316833287697,
        0.2048010624285381,
        0.2043948485824487,
        0.20445560420529482
    ],
    "time": [
        30.27200484275818,
        29.39951229095459,
        29.697227954864502,
        29.65382695198059,
        29.643940448760986,
        29.56144070625305,
        29.58090591430664,
        29.577735424041748,
        29.659985780715942,
        29.597793340682983,
        29.593331336975098,
        29.601625204086304,
        29.516181707382202,
        29.667592525482178,
        29.58566451072693,
        29.477927207946777,
        29.566583156585693,
        29.500688314437866,
        29.497307538986206,
        29.50015878677368,
        29.523690938949585,
        29.528279542922974,
        29.51516056060791,
        29.541773080825806,
        29.534147024154663,
        29.558897972106934,
        29.7332284450531,
        29.982628345489502,
        29.53238534927368,
        29.672011613845825,
        29.697075843811035,
        29.507771253585815,
        29.525787353515625,
        29.491732358932495,
        29.518276929855347,
        29.58113408088684,
        29.781644344329834,
        29.790213584899902,
        29.768266439437866,
        29.970917463302612,
        29.72565984725952,
        29.702006340026855,
        29.686424493789673,
        29.653406620025635,
        29.65912389755249,
        29.644155025482178,
        29.65072274208069,
        29.84447431564331,
        29.629794597625732,
        29.612736463546753,
        29.62734317779541,
        29.60672116279602,
        29.782371997833252,
        29.627573013305664,
        29.590569972991943,
        29.607298851013184
    ]
}