{
    "energy": [
        0.0008290357026889196,
        0.0008177830239486085,
        0.0008304622514501773,
        0.0008343665238951397,
        0.0008294590299727054,
        0.0008316459965808193,
        0.0008305943610978719,
        0.000831331225481175,
        0.000830683975632267,
        0.0008432144650604774,
        0.0008435250590149659,
        0.0008426182383424568,
        0.0008320158081233284,
        0.0008455885691348179,
        0.0008300933574262715,
        0.0008317364231027945,
        0.0008400509644704195,
        0.0008346870748432758,
        0.0008331183032723417,
        0.0008343710231624127,
        0.0008344306350320538,
        0.0008358486825169479,
        0.0008378766177622362,
        0.0008328303847864072,
        0.0008312908315482378,
        0.0008392073412421139,
        0.0008413546693184805,
        0.0008444133044872354,
        0.0008338818249475673,
        0.0008334672371057385,
        0.0008416913927553561,
        0.0008327928698304721,
        0.0008311698849207856,
        0.0008304610149126263,
        0.0008301918758056001,
        0.0008321151552171741,
        0.0008324955979761312,
        0.0008336190489776133,
        0.0008302453805259062,
        0.0008364056614583923,
        0.0008331406150252411,
        0.0008355046501510411,
        0.0008290773218578193,
        0.0008299369853976222,
        0.0008294802681162619,
        0.0008307619483817155,
        0.000833708742694679,
        0.000842769203030218,
        0.0008355202500239557,
        0.0008304821679796785,
        0.0008306967091533796,
        0.0008300577075993366,
        0.0008327797153438284,
        0.0008315759248632253,
        0.0008339761207566951,
        0.0008334297956881904
    ],
    "co2": [
        0.08290357026889196,
        0.08177830239486085,
        0.08304622514501774,
        0.08343665238951398,
        0.08294590299727053,
        0.08316459965808193,
        0.0830594361097872,
        0.0831331225481175,
        0.08306839756322669,
        0.08432144650604774,
        0.0843525059014966,
        0.08426182383424569,
        0.08320158081233284,
        0.08455885691348179,
        0.08300933574262714,
        0.08317364231027945,
        0.08400509644704195,
        0.08346870748432758,
        0.08331183032723417,
        0.08343710231624127,
        0.08344306350320538,
        0.0835848682516948,
        0.08378766177622363,
        0.08328303847864071,
        0.08312908315482377,
        0.08392073412421139,
        0.08413546693184805,
        0.08444133044872354,
        0.08338818249475673,
        0.08334672371057385,
        0.08416913927553561,
        0.08327928698304721,
        0.08311698849207856,
        0.08304610149126262,
        0.08301918758056001,
        0.0832115155217174,
        0.08324955979761312,
        0.08336190489776132,
        0.08302453805259062,
        0.08364056614583923,
        0.08331406150252411,
        0.08355046501510412,
        0.08290773218578193,
        0.08299369853976223,
        0.08294802681162619,
        0.08307619483817155,
        0.0833708742694679,
        0.08427692030302181,
        0.08355202500239557,
        0.08304821679796785,
        0.08306967091533796,
        0.08300577075993366,
        0.08327797153438284,
        0.08315759248632253,
        0.08339761207566951,
        0.08334297956881903
    ],
    "time": [
        12.822041273117065,
        11.882753133773804,
        12.049879312515259,
        12.07306170463562,
        12.1079843044281,
        12.105132341384888,
        12.1324782371521,
        12.14245343208313,
        12.18999719619751,
        12.168740510940552,
        12.166070699691772,
        12.162636280059814,
        12.126892805099487,
        12.188879251480103,
        12.142685651779175,
        12.104800462722778,
        12.137129306793213,
        12.09756326675415,
        12.091246604919434,
        12.08960485458374,
        12.093992233276367,
        12.088643312454224,
        12.094130992889404,
        12.078223705291748,
        12.079493284225464,
        12.109586715698242,
        12.16600513458252,
        12.168115139007568,
        12.082308053970337,
        12.147533893585205,
        12.15931510925293,
        12.074985980987549,
        12.08722996711731,
        12.068089962005615,
        12.073431491851807,
        12.071665525436401,
        12.084493637084961,
        12.069414377212524,
        12.077465772628784,
        12.16204309463501,
        12.064396381378174,
        12.075650930404663,
        12.068984746932983,
        12.066513538360596,
        12.07985520362854,
        12.074845314025879,
        12.073264122009277,
        12.141811847686768,
        12.079773902893066,
        12.070121765136719,
        12.075580596923828,
        12.07085633277893,
        12.153601884841919,
        12.088600635528564,
        12.073182106018066,
        12.083734273910522
    ]
}