{
    "energy": [
        0.0024860598343394414,
        0.0024920766077188967,
        0.002529219763784952,
        0.0024862212777806564,
        0.0025218537026995566,
        0.002506637084241913,
        0.0024997029691722584,
        0.0024940800552662227,
        0.0024913247028390683,
        0.00250754161232978,
        0.002495965681271102,
        0.002492439385032819,
        0.0024961248626012376,
        0.002498345231730422,
        0.002505251955757936,
        0.002491358618378218,
        0.0024954235276571095,
        0.0024891864701344756,
        0.002498311248038313,
        0.0024949154324375913,
        0.002492418225513649,
        0.0024884865246082824,
        0.002493074191656929,
        0.002485656661252678,
        0.0024880533009695987,
        0.0024888854387354366,
        0.002518671391128481,
        0.002516295718763743,
        0.0024945885814038255,
        0.002507221588783739,
        0.002501262795688216,
        0.002495171440166585,
        0.0024968222819917265,
        0.0024915237146183175,
        0.0024927810040665313,
        0.002491604516348159,
        0.002493439129223747,
        0.0024904649886757315,
        0.002496376140804732,
        0.002505680173403541,
        0.0024931233797082287,
        0.002487665019832167,
        0.0024842258206315007,
        0.002488080344659957,
        0.0024938914514271173,
        0.0024927738615370073,
        0.0024901494740363363,
        0.002506715448648774,
        0.0024938776381787675,
        0.002491056142186869,
        0.002493388635535099,
        0.002490705640914886,
        0.002510416351280769,
        0.0024873994496296538,
        0.002495124775663384,
        0.002495568349082789
    ],
    "co2": [
        0.24860598343394413,
        0.24920766077188966,
        0.25292197637849523,
        0.24862212777806564,
        0.2521853702699557,
        0.2506637084241913,
        0.24997029691722583,
        0.24940800552662226,
        0.24913247028390684,
        0.250754161232978,
        0.24959656812711023,
        0.2492439385032819,
        0.24961248626012375,
        0.24983452317304222,
        0.2505251955757936,
        0.2491358618378218,
        0.24954235276571096,
        0.24891864701344757,
        0.2498311248038313,
        0.24949154324375913,
        0.2492418225513649,
        0.24884865246082824,
        0.2493074191656929,
        0.24856566612526781,
        0.24880533009695988,
        0.24888854387354364,
        0.2518671391128481,
        0.2516295718763743,
        0.24945885814038254,
        0.2507221588783739,
        0.2501262795688216,
        0.2495171440166585,
        0.24968222819917266,
        0.24915237146183175,
        0.24927810040665313,
        0.24916045163481587,
        0.24934391292237468,
        0.24904649886757316,
        0.2496376140804732,
        0.25056801734035405,
        0.24931233797082286,
        0.2487665019832167,
        0.24842258206315007,
        0.2488080344659957,
        0.24938914514271174,
        0.24927738615370074,
        0.24901494740363364,
        0.2506715448648774,
        0.24938776381787675,
        0.24910561421868688,
        0.2493388635535099,
        0.2490705640914886,
        0.25104163512807687,
        0.24873994496296536,
        0.24951247756633838,
        0.24955683490827887
    ],
    "time": [
        36.69316506385803,
        36.13875389099121,
        36.52502107620239,
        36.437644958496094,
        36.38125944137573,
        36.265511989593506,
        36.23158502578735,
        36.17694544792175,
        36.26934027671814,
        36.160189151763916,
        36.16142916679382,
        36.15927028656006,
        36.057265758514404,
        36.26107096672058,
        36.15146994590759,
        36.042107582092285,
        36.157684087753296,
        36.063515186309814,
        36.052016258239746,
        36.052419900894165,
        36.05613899230957,
        36.06148099899292,
        36.192665815353394,
        36.03656840324402,
        36.03671431541443,
        36.05750298500061,
        36.273064374923706,
        36.27621340751648,
        36.03960156440735,
        36.23726773262024,
        36.271180152893066,
        36.04348587989807,
        36.06024432182312,
        36.02476167678833,
        36.03980326652527,
        36.02670955657959,
        36.070969343185425,
        36.04529571533203,
        36.035804271698,
        36.2859742641449,
        35.998793840408325,
        36.04752779006958,
        36.040404319763184,
        36.03093075752258,
        36.06067180633545,
        36.03674006462097,
        36.04619884490967,
        36.26814341545105,
        36.06657409667969,
        36.04338979721069,
        36.060768127441406,
        36.033326387405396,
        36.25616765022278,
        36.0713415145874,
        36.04312086105347,
        36.06003379821777
    ]
}