{
    "energy": [
        0.004091113617176326,
        0.004099742084238749,
        0.004136037804869781,
        0.004105408325438132,
        0.004101687447610381,
        0.004090636669926388,
        0.004087907019494959,
        0.004090210833934086,
        0.004095741605552669,
        0.004092410939190629,
        0.004085630344538249,
        0.004091960874974661,
        0.004079933726764711,
        0.0041015067135406645,
        0.004093818423162601,
        0.004087128252081134,
        0.0040890329702340114,
        0.0040817730504638956,
        0.004084577937226981,
        0.004081382127657468,
        0.004087220435931159,
        0.0040877853471768906,
        0.0040755908884586205,
        0.004084718930380534,
        0.0040809268844930165,
        0.004083331939360603,
        0.004102238991679073,
        0.004098908205767214,
        0.0040855720794615025,
        0.004095380299814658,
        0.004107186826941285,
        0.0040893055613238785,
        0.004077456497062297,
        0.00407750155917408,
        0.00407543079597684,
        0.004077892879095313,
        0.004079496095655501,
        0.004090139209219899,
        0.004076902039157901,
        0.004104084658507577,
        0.004082645952944526,
        0.00408566982252335,
        0.004076291609713127,
        0.004080732929071887,
        0.004082776585259441,
        0.004078040154155056,
        0.0040749006165681275,
        0.004097591814508684,
        0.00408925357354683,
        0.004075133075606358,
        0.00408172297844635,
        0.004082599656289438,
        0.004102689626886491,
        0.004083456777505001,
        0.004079422385196093,
        0.004085685376369716
    ],
    "co2": [
        0.4091113617176326,
        0.4099742084238749,
        0.41360378048697805,
        0.4105408325438132,
        0.4101687447610381,
        0.4090636669926388,
        0.40879070194949585,
        0.40902108339340865,
        0.40957416055526685,
        0.40924109391906294,
        0.4085630344538249,
        0.40919608749746605,
        0.40799337267647107,
        0.41015067135406647,
        0.4093818423162601,
        0.4087128252081134,
        0.40890329702340117,
        0.40817730504638955,
        0.4084577937226981,
        0.40813821276574674,
        0.4087220435931159,
        0.40877853471768905,
        0.40755908884586206,
        0.4084718930380534,
        0.40809268844930163,
        0.4083331939360603,
        0.41022389916790736,
        0.40989082057672144,
        0.40855720794615025,
        0.4095380299814658,
        0.4107186826941285,
        0.4089305561323879,
        0.4077456497062297,
        0.40775015591740804,
        0.407543079597684,
        0.4077892879095313,
        0.4079496095655501,
        0.4090139209219899,
        0.40769020391579014,
        0.4104084658507577,
        0.4082645952944526,
        0.408566982252335,
        0.40762916097131274,
        0.40807329290718874,
        0.4082776585259441,
        0.4078040154155056,
        0.40749006165681273,
        0.40975918145086837,
        0.408925357354683,
        0.4075133075606358,
        0.40817229784463505,
        0.4082599656289438,
        0.4102689626886491,
        0.4083456777505001,
        0.4079422385196093,
        0.4085685376369716
    ],
    "time": [
        59.91743040084839,
        59.32466101646423,
        59.700223445892334,
        59.39816498756409,
        59.27572298049927,
        59.04773259162903,
        59.05802059173584,
        59.01388454437256,
        59.18256187438965,
        59.01730942726135,
        59.023640632629395,
        59.02273964881897,
        58.86336421966553,
        59.19576025009155,
        59.17034935951233,
        58.815428256988525,
        59.012818574905396,
        58.84002757072449,
        58.82209539413452,
        58.85138416290283,
        58.87963318824768,
        58.879581689834595,
        58.828118562698364,
        58.868627071380615,
        58.86200976371765,
        58.906280517578125,
        59.271315813064575,
        59.262455224990845,
        58.86673378944397,
        59.23030638694763,
        59.29968285560608,
        58.839996099472046,
        58.88489747047424,
        58.7940137386322,
        58.79845857620239,
        58.78635621070862,
        58.88290047645569,
        58.99903607368469,
        58.81067419052124,
        59.27313256263733,
        58.84793949127197,
        58.841354846954346,
        58.855491161346436,
        58.86763954162598,
        58.90847635269165,
        58.856268644332886,
        58.85597777366638,
        59.26060199737549,
        58.91870856285095,
        58.85743021965027,
        58.88339829444885,
        58.84056878089905,
        59.24072480201721,
        58.904322385787964,
        58.82580280303955,
        58.8724799156189
    ]
}