{
    "energy": [
        0.001216323456262548,
        0.0012055308606656577,
        0.0012260322982265122,
        0.0012261397952980254,
        0.001227848984883057,
        0.0012233941729782494,
        0.001225878517934808,
        0.0012263337626484297,
        0.0012241518342091353,
        0.001226882875825127,
        0.0012269444759774983,
        0.0012280866778577105,
        0.0012243606060049548,
        0.0012337234741013308,
        0.0012267664977856246,
        0.0012254578964250363,
        0.00122574725187136,
        0.0012253581790087728,
        0.0012289902398746808,
        0.0012260410395315302,
        0.0012210522479969988,
        0.001229355788069031,
        0.0012249868857299305,
        0.0012197390066351719,
        0.0012208931066246668,
        0.0012265779398815684,
        0.0012321482624568889,
        0.0012282837877023922,
        0.0012275239428266005,
        0.0012293845212856952,
        0.0012266499739463216,
        0.0012230129402766206,
        0.0012247881295044522,
        0.0012233654765862704,
        0.0012186285070694101,
        0.0012191631939938421,
        0.0012255383380543746,
        0.0012220438979199584,
        0.0012233460039502667,
        0.001227757297658304,
        0.001224881943378465,
        0.0012259581256619185,
        0.0012191236893060217,
        0.0012276765441862991,
        0.001221293322804648,
        0.0012238106366787226,
        0.0012242101632598055,
        0.0012316730990864484,
        0.0012258430986278913,
        0.0012202475062739447,
        0.0012294852904654885,
        0.0012215866088844485,
        0.0012231179361835666,
        0.0012241268733993165,
        0.0012261157997507802,
        0.0012214525000281645
    ],
    "co2": [
        0.1216323456262548,
        0.12055308606656577,
        0.12260322982265122,
        0.12261397952980253,
        0.12278489848830569,
        0.12233941729782494,
        0.1225878517934808,
        0.12263337626484297,
        0.12241518342091352,
        0.1226882875825127,
        0.12269444759774983,
        0.12280866778577104,
        0.12243606060049549,
        0.12337234741013309,
        0.12267664977856246,
        0.12254578964250364,
        0.12257472518713601,
        0.12253581790087728,
        0.12289902398746808,
        0.12260410395315302,
        0.12210522479969989,
        0.12293557880690309,
        0.12249868857299305,
        0.12197390066351718,
        0.12208931066246669,
        0.12265779398815684,
        0.12321482624568889,
        0.12282837877023922,
        0.12275239428266005,
        0.12293845212856952,
        0.12266499739463216,
        0.12230129402766206,
        0.12247881295044521,
        0.12233654765862703,
        0.12186285070694101,
        0.12191631939938422,
        0.12255383380543747,
        0.12220438979199584,
        0.12233460039502667,
        0.1227757297658304,
        0.1224881943378465,
        0.12259581256619184,
        0.12191236893060217,
        0.12276765441862991,
        0.12212933228046481,
        0.12238106366787227,
        0.12242101632598056,
        0.12316730990864484,
        0.12258430986278913,
        0.12202475062739447,
        0.12294852904654885,
        0.12215866088844485,
        0.12231179361835666,
        0.12241268733993164,
        0.12261157997507802,
        0.12214525000281645
    ],
    "time": [
        18.469173669815063,
        17.608720541000366,
        17.772390365600586,
        17.776241302490234,
        17.787204027175903,
        17.75592350959778,
        17.786861896514893,
        17.783792972564697,
        17.823251247406006,
        17.794018030166626,
        17.791534423828125,
        17.784887075424194,
        17.74041485786438,
        17.844526052474976,
        17.78746724128723,
        17.7413227558136,
        17.806453227996826,
        17.754007577896118,
        17.750910997390747,
        17.760794162750244,
        17.7571280002594,
        17.749157905578613,
        17.732487440109253,
        17.732584476470947,
        17.726346015930176,
        17.747761249542236,
        17.85165810585022,
        17.848037719726562,
        17.73903751373291,
        17.8381929397583,
        17.85997700691223,
        17.738744974136353,
        17.745898246765137,
        17.731892824172974,
        17.735122680664062,
        17.729689598083496,
        17.74998426437378,
        17.732386112213135,
        17.726959228515625,
        17.85533332824707,
        17.702842950820923,
        17.736666202545166,
        17.740116357803345,
        17.73379945755005,
        17.74708366394043,
        17.732503652572632,
        17.728018522262573,
        17.839001893997192,
        17.74617910385132,
        17.724884033203125,
        17.739048957824707,
        17.73070788383484,
        17.844685077667236,
        17.743605613708496,
        17.737961769104004,
        17.75383973121643
    ]
}