{
    "energy": [
        0.0028521252679279533,
        0.002864427798782063,
        0.0028888387973136946,
        0.002885310394215959,
        0.002874463415943997,
        0.0028686540471436163,
        0.0028660921153801423,
        0.002862195595981476,
        0.0028759937117440538,
        0.0028658241546309646,
        0.0028623112782493886,
        0.002866332725769139,
        0.0028498723620382534,
        0.0028667287420442666,
        0.0028610864572609874,
        0.0028542949640422495,
        0.002858874872836322,
        0.00285320965840723,
        0.002852516848199919,
        0.0028713988706330824,
        0.0028584164565334334,
        0.002854962217117657,
        0.0028613332567075838,
        0.0028602080113739876,
        0.002855982646494555,
        0.0028592602277918277,
        0.0028770065253741635,
        0.0028772522072020796,
        0.0028533362008703917,
        0.0028624710391349363,
        0.002872435129528546,
        0.0028595903743092576,
        0.0028574077932863582,
        0.0028574890174914293,
        0.0028575842531175528,
        0.0028520207237718582,
        0.0028601962692327686,
        0.0028570734517257214,
        0.0028574748697880203,
        0.0028752201422469967,
        0.0028538642712389564,
        0.0028581553285523553,
        0.0028603728270973727,
        0.002861756285013018,
        0.0028635499398436282,
        0.0028576786509657915,
        0.0028577136030922324,
        0.002870093767909185,
        0.0028532505897805806,
        0.002858682622607736,
        0.002857348234142889,
        0.0028793698866673902,
        0.002873579951309182,
        0.0028573348737426433,
        0.0028600923029098095,
        0.002859185036480893
    ],
    "co2": [
        0.28521252679279535,
        0.2864427798782063,
        0.2888838797313695,
        0.28853103942159586,
        0.2874463415943997,
        0.2868654047143616,
        0.2866092115380142,
        0.2862195595981476,
        0.28759937117440537,
        0.2865824154630965,
        0.28623112782493887,
        0.2866332725769139,
        0.2849872362038253,
        0.28667287420442666,
        0.28610864572609873,
        0.28542949640422494,
        0.28588748728363217,
        0.285320965840723,
        0.2852516848199919,
        0.28713988706330823,
        0.28584164565334336,
        0.2854962217117657,
        0.2861333256707584,
        0.28602080113739875,
        0.2855982646494555,
        0.2859260227791828,
        0.28770065253741633,
        0.28772522072020795,
        0.28533362008703916,
        0.2862471039134936,
        0.2872435129528546,
        0.28595903743092577,
        0.28574077932863584,
        0.2857489017491429,
        0.28575842531175527,
        0.2852020723771858,
        0.28601962692327687,
        0.2857073451725721,
        0.28574748697880203,
        0.2875220142246997,
        0.28538642712389567,
        0.28581553285523553,
        0.2860372827097373,
        0.2861756285013018,
        0.2863549939843628,
        0.28576786509657914,
        0.28577136030922323,
        0.2870093767909185,
        0.28532505897805804,
        0.2858682622607736,
        0.2857348234142889,
        0.287936988666739,
        0.2873579951309182,
        0.28573348737426435,
        0.28600923029098096,
        0.2859185036480893
    ],
    "time": [
        42.131778717041016,
        41.41256809234619,
        41.81419634819031,
        41.682743072509766,
        41.649120807647705,
        41.42333745956421,
        41.43888759613037,
        41.38759899139404,
        41.4814989566803,
        41.36964654922485,
        41.37423276901245,
        41.36663627624512,
        41.24789619445801,
        41.465792655944824,
        41.32838177680969,
        41.216848850250244,
        41.34825801849365,
        41.21262001991272,
        41.20292115211487,
        41.4901282787323,
        41.24164581298828,
        41.25198817253113,
        41.220059633255005,
        41.2601854801178,
        41.24674582481384,
        41.270264625549316,
        41.536102533340454,
        41.52958846092224,
        41.236783027648926,
        41.47392249107361,
        41.57437467575073,
        41.232656478881836,
        41.271963357925415,
        41.210426807403564,
        41.228179931640625,
        41.1973831653595,
        41.27040243148804,
        41.246970415115356,
        41.208813190460205,
        41.5311644077301,
        41.16203022003174,
        41.24727749824524,
        41.21440863609314,
        41.21966075897217,
        41.2770562171936,
        41.22270750999451,
        41.19797921180725,
        41.49500393867493,
        41.243316888809204,
        41.19968342781067,
        41.25703310966492,
        41.51250863075256,
        41.479838132858276,
        41.25606894493103,
        41.213077545166016,
        41.2317168712616
    ]
}