{
    "energy": [
        0.0004070724468155265,
        0.0004023789539968417,
        0.00040902316815785196,
        0.0004102601902211799,
        0.0004033037459454303,
        0.00040523108521878584,
        0.0004106904719299299,
        0.0004071371263069937,
        0.00041093232113263733,
        0.00041310671443691,
        0.0004100745474161733,
        0.0004146045358639886,
        0.00040683736849452434,
        0.00040910243311005677,
        0.0004114227308343945,
        0.00041121107635504276,
        0.000412190235385078,
        0.0004103259607071668,
        0.0004107939596942491,
        0.0004091668625240152,
        0.00040781340757434383,
        0.0004094239090461171,
        0.00041129144283763027,
        0.00041212402974727196,
        0.000409585749086838,
        0.0004111891887128756,
        0.0004100636340035866,
        0.0004108529491711818,
        0.0004091131325002957,
        0.0004131589434077125,
        0.00041667484894782135,
        0.00041279308772907916,
        0.0004086649768108029,
        0.0004138711455279744,
        0.0004111396831984778,
        0.0004116829715874273,
        0.00041165403106068843,
        0.0004105971329797587,
        0.00041255249265217774,
        0.0004159907172938658,
        0.0004132235406919183,
        0.0004131881421015121,
        0.00041109363796178666,
        0.0004097819742093803,
        0.00041190128505972794,
        0.00040707190859798597,
        0.00041154805750363556,
        0.000416390051044252,
        0.0004088984221285238,
        0.00041342430555638316,
        0.0004126152625609629,
        0.00041064807011991536,
        0.0004128617541820455,
        0.0004143268773440107,
        0.00040938331192105445,
        0.00041269277896849863
    ],
    "co2": [
        0.04070724468155265,
        0.04023789539968417,
        0.0409023168157852,
        0.04102601902211799,
        0.04033037459454303,
        0.040523108521878584,
        0.04106904719299299,
        0.04071371263069937,
        0.04109323211326373,
        0.041310671443691,
        0.04100745474161733,
        0.04146045358639886,
        0.04068373684945244,
        0.04091024331100568,
        0.04114227308343945,
        0.04112110763550428,
        0.0412190235385078,
        0.04103259607071668,
        0.04107939596942491,
        0.04091668625240152,
        0.040781340757434385,
        0.04094239090461171,
        0.041129144283763026,
        0.0412124029747272,
        0.0409585749086838,
        0.04111891887128756,
        0.04100636340035866,
        0.04108529491711818,
        0.04091131325002957,
        0.04131589434077125,
        0.041667484894782135,
        0.04127930877290792,
        0.04086649768108029,
        0.04138711455279744,
        0.04111396831984778,
        0.04116829715874273,
        0.041165403106068844,
        0.041059713297975864,
        0.04125524926521777,
        0.04159907172938658,
        0.04132235406919183,
        0.04131881421015121,
        0.04110936379617867,
        0.04097819742093803,
        0.04119012850597279,
        0.0407071908597986,
        0.04115480575036356,
        0.0416390051044252,
        0.04088984221285238,
        0.04134243055563832,
        0.04126152625609629,
        0.041064807011991535,
        0.041286175418204556,
        0.04143268773440107,
        0.040938331192105444,
        0.041269277896849865
    ],
    "time": [
        6.83210015296936,
        5.91418981552124,
        5.955954313278198,
        5.949201583862305,
        5.965277194976807,
        5.949091672897339,
        5.9648754596710205,
        5.983412981033325,
        6.005753040313721,
        5.988872528076172,
        5.998087644577026,
        6.008019685745239,
        5.988527297973633,
        6.030586004257202,
        6.005931377410889,
        5.9935622215271,
        6.014076471328735,
        6.000274181365967,
        5.997412443161011,
        6.001316547393799,
        6.0003581047058105,
        6.002505540847778,
        5.996579170227051,
        6.007102012634277,
        5.998147487640381,
        6.005898714065552,
        6.035868406295776,
        6.040809154510498,
        6.002265453338623,
        6.03424334526062,
        6.041259288787842,
        5.998331308364868,
        6.0002124309539795,
        5.992966413497925,
        5.9887590408325195,
        5.9960856437683105,
        6.008517265319824,
        5.982933759689331,
        5.990676403045654,
        6.0259175300598145,
        5.983797073364258,
        5.985060214996338,
        5.980761766433716,
        5.981689929962158,
        5.983863592147827,
        5.973759889602661,
        5.976021766662598,
        6.016233682632446,
        5.978606939315796,
        5.975198745727539,
        5.9787187576293945,
        5.972014665603638,
        6.020975589752197,
        5.984645366668701,
        5.983592748641968,
        5.980370759963989
    ]
}