{
    "energy": [
        0.0016624831041750427,
        0.0016611158601398184,
        0.001675548628967171,
        0.0016793468524083023,
        0.001681822039261534,
        0.0016824071538413341,
        0.0016364407102245544,
        0.0016690857257838777,
        0.0016920334315437629,
        0.0016661536459368078,
        0.001676697033946446,
        0.0016668207782226346,
        0.0016591251969260137,
        0.0016597915483322063,
        0.001667441973777338,
        0.0016646361865160111,
        0.0016652180703240573,
        0.0016631178950923154,
        0.0016629678345975024,
        0.0016627462816033224,
        0.0016609480615228844,
        0.0016673699848643569,
        0.001663274925038247,
        0.0016570611188434748,
        0.0016640424418175588,
        0.0016657861322962257,
        0.0016663565754279424,
        0.0016747369975568004,
        0.001660379982532898,
        0.0016700149435873795,
        0.0016802795654584017,
        0.0016579112783416128,
        0.0016673510132396818,
        0.0016547372842080426,
        0.0016606393050611675,
        0.001669725468114145,
        0.0016655623165726125,
        0.0016567017441388046,
        0.001658389170359192,
        0.0016725855348069746,
        0.0016633853671451867,
        0.0016573308452849185,
        0.0016704893406298694,
        0.0016652305940582197,
        0.0016551064571031652,
        0.0016631693331321511,
        0.001663888519101217,
        0.0016696286606403268,
        0.0016614159005063662,
        0.0016654307800638842,
        0.0016665880023092935,
        0.0016627890086417217,
        0.0016608836721126621,
        0.0016591769592425953,
        0.0016602041981105136,
        0.001659886340445331
    ],
    "co2": [
        0.16624831041750426,
        0.16611158601398185,
        0.1675548628967171,
        0.16793468524083024,
        0.1681822039261534,
        0.1682407153841334,
        0.16364407102245543,
        0.16690857257838776,
        0.1692033431543763,
        0.1666153645936808,
        0.1676697033946446,
        0.16668207782226346,
        0.16591251969260137,
        0.16597915483322062,
        0.1667441973777338,
        0.16646361865160111,
        0.16652180703240574,
        0.16631178950923153,
        0.16629678345975024,
        0.16627462816033223,
        0.16609480615228844,
        0.1667369984864357,
        0.1663274925038247,
        0.16570611188434747,
        0.16640424418175587,
        0.16657861322962256,
        0.16663565754279425,
        0.16747369975568005,
        0.1660379982532898,
        0.16700149435873796,
        0.16802795654584016,
        0.16579112783416128,
        0.16673510132396818,
        0.16547372842080427,
        0.16606393050611676,
        0.1669725468114145,
        0.16655623165726124,
        0.16567017441388046,
        0.1658389170359192,
        0.16725855348069746,
        0.16633853671451868,
        0.16573308452849184,
        0.16704893406298693,
        0.16652305940582196,
        0.1655106457103165,
        0.16631693331321512,
        0.1663888519101217,
        0.16696286606403268,
        0.1661415900506366,
        0.16654307800638843,
        0.16665880023092935,
        0.16627890086417216,
        0.1660883672112662,
        0.16591769592425953,
        0.16602041981105137,
        0.1659886340445331
    ],
    "time": [
        24.813278675079346,
        24.05604100227356,
        24.373876810073853,
        24.356521606445312,
        24.33788824081421,
        24.271241903305054,
        24.272231578826904,
        24.24918031692505,
        24.29300880432129,
        24.216458082199097,
        24.172123432159424,
        24.164536952972412,
        24.094699144363403,
        24.221577644348145,
        24.13376808166504,
        24.059581756591797,
        24.12067699432373,
        24.056169271469116,
        24.060036420822144,
        24.083905458450317,
        24.086034297943115,
        24.0741069316864,
        24.06195306777954,
        24.062268018722534,
        24.088414907455444,
        24.0834801197052,
        24.22248339653015,
        24.229632139205933,
        24.06070303916931,
        24.194225549697876,
        24.219767332077026,
        24.051533460617065,
        24.073723316192627,
        24.048293590545654,
        24.06187605857849,
        24.18010926246643,
        24.11118984222412,
        24.08927035331726,
        24.059369325637817,
        24.227691173553467,
        24.02455425262451,
        24.06019687652588,
        24.06098508834839,
        24.053754091262817,
        24.060471057891846,
        24.05105757713318,
        24.065812349319458,
        24.203800439834595,
        24.10269045829773,
        24.080217838287354,
        24.07962203025818,
        24.06557011604309,
        24.21039128303528,
        24.07038187980652,
        24.051397800445557,
        24.060362100601196
    ]
}