{
    "encode": [
        522.9310840368271,
        159.4274416565895,
        180.63336052000523,
        180.93238398432732,
        180.2626382559538,
        181.62333592772484,
        181.5056875348091,
        180.76345697045326,
        180.89531362056732,
        180.25358021259308
    ],
    "denoise": [
        29879.028668627143,
        29710.221292451024,
        30065.010143443942,
        29998.5048212111,
        29937.701787799597,
        29807.81770311296,
        29799.37081038952,
        29761.14202104509,
        29811.94824166596,
        29735.296487808228
    ],
    "decode": [
        304.82313968241215,
        148.70567061007023,
        150.0736977905035,
        148.34082312881947,
        147.88899384438992,
        148.61027523875237,
        148.28700758516788,
        147.78363704681396,
        148.11581000685692,
        148.2122205197811
    ]
}